"shipping is not availabe.","هذا المنتج غير متوفر في موقعك الحالي "
"The displayed price may change as the quantity changes.","سعر الشحن تقريبي وقد يتغير طبقا لاجمالي الكميات عند اتمام عمليه الشراءه"
"this product can't be deliverd to your current location","عفوا لا يمكن شحن هذا المنتج الي موقعك الحالي "
"SOLD BY OTHER SELLERS","البائعون الآخرون"
"Delivery Cost","تكلفة الشحنة"
"estimate","التقريبية"
"This product is not available in your current location ","هذا المنتج غير متوفر في موقعك الحالي "
"The displayed price may change as the quantity changes.","السعر المعروض قد يتغير مع تغير الكميه"
"EGP","ج.م"
"deliver to you from","يصلك المنتج من "
"to","ل "
"Days","ايام"
"Show Product","اعرض المنتج"
"No Available vendors","لا يوجد بائعون متاحون"
